actor,country,month,n_docs,avg_civ_per_1000,total_civ_count,doc_hit_rate
State,Russia,2024-10,13,0.3004807692307692,1,0.07692307692307693
State,Russia,2023-08,24,0.17845661273602856,2,0.08333333333333333
State,Russia,2023-04,18,0.07674346581799553,4,0.1111111111111111
State,Russia,2022-06,20,0.05580357142857143,1,0.05
State,Russia,2023-12,29,0.03905182176748546,1,0.034482758620689655
